movie_id,title,poster_path,backdrop_path,genres,overview,year,runtime,vote_average,added_date
1210043,Naruto,,,"Action, Adventure",An outcast in a village of ninjas sets out to become the leader and strongest warrior of his home.,2002,0,0.0,2026-08-24
28162,A Matter of Life and Death,/H74LWKnhOeIFSk9gNjBcPjIov3.jpg,/bY7DvsYsAODykqUJfkPZA3BHKOd.jpg,"Romance, Fantasy, Drama, Comedy","A British wartime aviator who cheats death must argue for his life before a celestial court, hoping to prolong his fledgling romance with an American girl.",1946,0,7.8,2026-08-24
39817,Religion,/lgSC9owErpJ18de9yk2fJuw9Y4Q.jpg,,"Drama, History","The story is based in Banaras and is about a Hindu Priest Chaturvedi who follows the scriptures to practice Hindu religion. When a child is abandon by a woman and brought in his house by his daughter - after initial hesitation but due to requests from his wife - the family adapts the child; only to know after 4 years that the child is a Muslim. The family gives away the child and Chaturvedi engulfs himself in the purification process to cleanse his body, mind and soul due to contact with a Muslim soul. By the time, Chaturvedi thinks he is fully purified – the child reappears – seeking refuge, due to Hindu- Muslim riots. This is the time Chaturvedi finally realizes that the true religion is - religion where humans help humans – humanity.",2007,0,5.7,2026-08-24
11878,Yojimbo,/tN7kYPjRhDolpui9sc9Eq9n5b2O.jpg,/5BBwSVytssbFuSPZE4DtJVhROjN.jpg,"Drama, Thriller","A nameless ronin, or samurai with no master, enters a small village in feudal Japan where two rival businessmen are struggling for control of the local gambling trade. Taking the name Sanjuro Kuwabatake, the ronin convinces both silk merchant Tazaemon and sake merchant Tokuemon to hire him as a personal bodyguard, then artfully sets in motion a full-scale gang war between the two ambitious and unscrupulous men.",1961,0,8.1,2026-08-24
36592,Swing Girls,/5pAfMXqcaUjr0dBuOhLpTRbtZqa.jpg,/dsiuxsSbQcasRpQT08nQSI2sc4Q.jpg,"Comedy, Music",A group of delinquent high school girls form a band when they accidentally poison their school's brass band and have to replace them.,2004,0,7.9,2026-08-24
11645,Ran,/dGgiXMWDcS5aJTBEFu7bmaQPNox.jpg,/3ssNAWypRl47iriwBFNx7RUEUub.jpg,"Action, Drama, History",Shakespeare's King Lear is reimagined as a singular historical epic set in sixteenth-century Japan where an aging warlord divides his kingdom between his three sons.,1985,0,8.0,2026-08-24
10494,Perfect Blue,/6WTiOCfDPP8XV4jqfloiVWf7KHq.jpg,/mHG7dpLb0ZScSY3LpP443IHRmjy.jpg,"Animation, Thriller","Rising pop star Mima Kirigoe quits singing to pursue a career as an actress. After she takes up a role on a popular detective show, her handlers and collaborators begin turning up murdered. Harboring feelings of guilt and haunted by visions of her former self, Mima's reality and fantasy meld into a frenzied paranoia.",1998,0,8.3,2026-08-24
5801,Pather Panchali,/frZj5djlU9hFEjMcL21RJZVuG5O.jpg,/wadoNHCMPElgYuOqLxqDQqXpTMx.jpg,"Drama, History","Impoverished priest Harihar Ray, dreaming of a better life for himself and his family, leaves his rural Bengal village in search of work. Alone, his wife, Sarbojaya, looks after her rebellious daughter, Durga, and her young son, Apu, as well as Harihar's elderly aunt Indir. The children enjoy the small pleasures of their difficult life, while their parents suffer the daily indignities heaped upon them.",1955,0,7.8,2026-08-24
1245,The Remains of the Day,/uDGDtqSvuch324WnM7Ukdp1bCAQ.jpg,/vFhxd3Z1zaV3Yu5XLpvWzSxJCe8.jpg,"Drama, Romance",A rule-bound head butler's world of manners and decorum in the household he maintains is tested by the arrival of a housekeeper who falls in love with him in post-WWI Britain. The possibility of romance and his master's cultivation of ties with the Nazi cause challenge his carefully maintained veneer of servitude.,1993,0,7.4,2026-08-24
406,La Haine,/hY4exng4s29RzDbtQInjx9MA3PZ.jpg,/viGCwLxupyoaLsa6hrnu1gYrB0B.jpg,Drama,"After a chaotic night of rioting in a marginal suburb of Paris, three young friends, Vinz, Hubert and Saïd, wander around unoccupied waiting for news about the state of health of a mutual friend who has been seriously injured when confronting the police.",1995,0,8.1,2026-08-24
265195,Wild Tales,/vmeCDuWJ6B2cqi9f3QFyIwRKqFV.jpg,/dHnki2Dh6lbOtfksrh8H5lg08f5.jpg,"Drama, Thriller, Comedy","Injustice and the demands of the world can cause stress for many people. Some of them, however, explode. This includes a waitress serving a grouchy loan shark, an altercation between two motorists, an ill-fated wedding reception, and a wealthy businessman who tries to buy his family out of trouble.",2014,0,7.9,2026-08-24
435129,The Breadwinner,/2d6qmkJz9AWqmk9wBWtd2uFX89t.jpg,/fRtQdiESAdt9rjXCvZhvkmprvac.jpg,"Animation, War, Drama","A headstrong young girl in Afghanistan, ruled by the Taliban, disguises herself as a boy in order to provide for her family.",2017,0,7.8,2026-08-24
28178,Hachi: A Dog's Tale,/lsy3aEsEfYIHdLRk4dontZ4s85h.jpg,/a5pOEjOLvr04Hr8qktIDM75OZi0.jpg,"Drama, Family","Professor Wilson discovers a lost Akita puppy on his way home. Despite objections from his wife, Hachi endears himself to the family and grows to be Parker's loyal companion. As their bond grows deeper, a beautiful relationship unfolds.",2009,0,8.0,2026-08-24
31372,Samurai I: Musashi Miyamoto,/2nCSzKqOslKrsvUHb2T1jsuh2eQ.jpg,/wnxHiql4TYk1yoEPCcoX4m6IuyQ.jpg,"Drama, Action, Adventure","Struggling to elevate himself from his low caste in 17th century Japan, Miyamoto trains to become a mighty samurai warrior.",1954,0,7.2,2026-08-24
4512,The Assassination of Jesse James by the Coward Robert Ford,/xMKn6EQS7eR5ubhPJbw5pQSBZMw.jpg,/3HvQ5PaxwQJEiRSZD5AyVuqEiNn.jpg,"Drama, Western","Outlaw Jesse James is rumored to be the 'fastest gun in the West'. An eager recruit into James' notorious gang, Robert Ford eventually grows jealous of the famed outlaw and, when Robert and his brother sense an opportunity to kill James, their murderous action elevates their target to near mythical status.",2007,0,7.1,2026-08-24
27072,On the Silver Globe,/4zzam82e6rCY2Ktm0fyRoseHhkh.jpg,/5nZ0ax5n5k9MogcGX3IxVjlCMRt.jpg,"Science Fiction, Drama","A small group of cosmic explorers, including a woman, leaves Earth to start a new civilization. They do not realize that within themselves they carry the end of their own dream. They die one by one, while their children revert to a primitive native culture, creating new myths and a new god.",1989,0,7.7,2026-08-24
2649,The Game,/4UOa079915QjiTA2u5hT2yKVgUu.jpg,/k7GM13qRYSour3lk90Dq1EwdpoW.jpg,"Drama, Thriller, Mystery","In honor of his birthday, San Francisco banker Nicholas Van Orton, a financial genius and a cold-hearted loner, receives an unusual present from his younger brother, Conrad: a gift certificate to play a unique kind of game. In nary a nanosecond, Nicholas finds himself consumed by a dangerous set of ever-changing rules, unable to distinguish where the charade ends and reality begins.",1997,0,7.6,2026-08-24
1902,Open Your Eyes,/1NkQNM5bw3U7n3RCba8JKnb61Ds.jpg,/k6xQZq2jkA7xRpvyy2kLWprFwIN.jpg,"Drama, Thriller, Science Fiction","Handsome 25-year-old Cesar had it all -- a successful career, expensive cars, a swank bachelor's pad, and an endless string of beautiful and willing women -- until he is thrown into a strange psychological mystery after a car accident scars his face and lands him in prison.",1997,0,7.5,2026-08-24
18533,Bronson,/6diyyGIbBNiANsdIaCGtyv4IofR.jpg,/uc8FwdCQi3eD7JIbyiZuzo5n6Jv.jpg,"Drama, Action, Crime","A young man who was sentenced to 7 years in prison for robbing a post office ends up spending 30 years in solitary confinement. During this time, his own personality is supplanted by his alter ego, Charles Bronson.",2009,0,6.9,2026-08-24
451915,Beautiful Boy,/u2Gfv0mz3xePsgyCPHovrnFL1sB.jpg,/sOhtC4cmaYPOlcjXCWxxrx2NKKn.jpg,Drama,"After he and his first wife separate, journalist David Sheff struggles to help their teenage son, who goes from experimenting with drugs to becoming devastatingly addicted to methamphetamine.",2018,0,7.6,2026-08-24
11423,Memories of Murder,/jcgUjx1QcupGzjntTVlnQ15lHqy.jpg,/2NArMoObkAbnIPvqlHC3gRGsfBb.jpg,"Crime, Drama, Thriller","A sadistic serial rapist and murderer of young women terrorizes a small province in 1980s South Korea. To prevent further crimes, three increasingly desperate detectives with conflicting methods race against time to unravel the violent mind of the killer in a futile effort to solve the case.",2003,0,8.1,2026-08-24
787752,Fresh,/tlu71AgaL3EQBBCNGsAwZLPbV5D.jpg,/oVv5l6L5Wi5j3gd4P2vt0YvVMOg.jpg,"Horror, Thriller, Comedy","Frustrated by scrolling dating apps only to end up on lame, tedious dates, Noa takes a chance by giving her number to the awkwardly charming Steve after a produce-section meet-cute at the grocery store.",2022,0,6.9,2026-08-24
142,Brokeback Mountain,/aByfQOQBNa4CMFwIgq3QrqY2ZHh.jpg,/vXzqV2RtJlT9WhNEM4NYWCEC6ZI.jpg,"Drama, Romance","In 1960s Wyoming, two men develop a strong emotional and sexual relationship that endures as a lifelong connection complicating their lives as they get married and start families of their own.",2005,0,7.8,2026-08-24
324786,Hacksaw Ridge,/fnOMP6mjmOmZwmlC1n0K7ivrzt1.jpg,/vDKRMZGFTKP9nQolzeSB1rB1w6p.jpg,"Drama, History, War","WWII American Army Medic Desmond T. Doss, who served during the Battle of Okinawa, refuses to kill people and becomes the first Conscientious Objector in American history to receive the Congressional Medal of Honor.",2016,0,8.2,2026-08-24
1402,The Pursuit of Happyness,/lBYOKAMcxIvuk9s9hMuecB9dPBV.jpg,/5jhG1lTgV0MS6tDkBMQSSitttTT.jpg,Drama,A struggling salesman takes custody of his son as he's poised to begin a life-changing professional career.,2006,0,7.9,2026-08-24
9696,Ichi the Killer,/k8j4YLZlda98dqp9ErymKzjYowG.jpg,/j3P5wkyiigZW8aeogoZoiNIZySL.jpg,"Action, Crime, Horror","As sadomasochistic yakuza enforcer Kakihara searches for his missing boss he comes across Ichi, a repressed and psychotic killer who may be able to inflict levels of pain that Kakihara has only dreamed of.",2001,0,7.0,2026-08-24
489,Good Will Hunting,/z2FnLKpFi1HPO7BEJxdkv6hpJSU.jpg,/xj1Sv1xm4Y0ydBueGuf10Y9qM0O.jpg,Drama,"Will Hunting is a headstrong, working-class genius who is failing the lessons of life. After one too many run-ins with the law, Will's last chance is a psychology professor, who might be the only man who can reach him.",1997,0,8.2,2026-08-24
74308,Detachment,/bC5H2dabnHrQJD1KmQUSUUeuCXU.jpg,/iJwtR94Yq9U83ET0TzirsGWTewH.jpg,Drama,"A chronicle of three weeks in the lives of several high school teachers, administrators and students through the eyes of substitute teacher, Henry Barthes. Henry roams from school to school, imparting modes of knowledge, but never staying long enough to form any semblance of sentient attachment.",2011,0,7.6,2026-08-24
306947,The Invitation,/otZMaGHWnKPgOODF6SSVNGqbI4X.jpg,/UT0FaX3djSmvphvDopomPNWXIQ.jpg,"Thriller, Horror","Will and his new girlfriend Kira are invited to a dinner with old friends at the house of Will’s ex Eden and her new partner David. Although the evening appears to be relaxed, Will soon gets a creeping suspicion that their charming host David is up to something.",2016,0,6.4,2026-08-24
1137350,The Phoenician Scheme,/u2jxeYLXTYfu0bqJmnLGIgZswib.jpg,/bajke0ThKJ2V2iHE9DDYOJGdS7a.jpg,"Comedy, Adventure, Crime","Wealthy businessman Zsa-zsa Korda appoints his only daughter, a nun, as sole heir to his estate. As Korda embarks on a new enterprise, they soon become the target of scheming tycoons, foreign terrorists, and determined assassins.",2025,0,6.5,2026-08-24
273248,The Hateful Eight,/jIywvdPjia2t3eKYbjVTcwBQlG8.jpg,/7g1zO5t0bd27Iqn5ZUDJmksOGPJ.jpg,"Drama, Mystery, Western",Bounty hunters seek shelter from a raging blizzard and get caught up in a plot of betrayal and deception.,2015,0,7.8,2026-08-24
228150,Fury,/pfte7wdMobMF4CVHuOxyu6oqeeA.jpg,/95ckrV6wQgbffurAVmETQ5YKASL.jpg,"War, Drama, Action","April, 1945. As the Allies make their final push in the European Theater, a battle-hardened army sergeant commands a Sherman tank with a five-man crew on a deadly mission behind enemy lines.",2014,0,7.5,2026-08-24
34996,The Addiction,/1Yy8H2tKQ16mffLFRfxcBHKBdyF.jpg,/1ndAmeEZWX3xTAZVEphdKC3uLTc.jpg,"Drama, Horror",A vampiric doctoral student tries to follow the philosophy of a nocturnal comrade and control her thirst for blood.,1995,0,6.5,2026-08-24
748230,Salem's Lot,/qFAK70ePry3kQWEnqsGYeZPhNPa.jpg,/jf1V00dZdNkVfEq7VPk8frrlELk.jpg,Horror,Author Ben Mears returns to his childhood home of Jerusalem's Lot only to discover his hometown is being preyed upon by a bloodthirsty vampire.,2024,0,6.0,2026-08-24
858017,I Saw the TV Glow,/hS4GYkYpN1rfl4GIxyc02sCyfAj.jpg,/jKulL2hdp5S7dVbpoItAtdCyzXI.jpg,"Drama, Horror","In late-90s suburbia, a lonely teenager meets a girl at school who introduces him to a mysterious late-night T.V. show — a vision of a supernatural world pulsing beneath their own. As time goes on, however, questions begin to arise about why the show sometimes seems more real than their own lives. In the pale glow of the television, their view of reality begins to crack.",2024,0,6.2,2026-08-24
1128614,A Nice Indian Boy,/xfY2FZlnm5uaQbaWR9IYW41J1xG.jpg,/5c5XkbaUQq02Mqp0mpM2eFF9ifn.jpg,"Romance, Comedy","When Naveen brings his fiancé Jay home to meet his traditional Indian family, they must contend with accepting his white-orphan-artist boyfriend and helping them plan the Indian wedding of their dreams.",2025,0,7.2,2026-08-24
107,Snatch,/kJZoAHq1SLDdWjeNGtlHAnGpmFV.jpg,/gTghF8ardwJ48XLHkiapWk3ZmSo.jpg,"Crime, Comedy","Unscrupulous boxing promoters, violent bookies, a Russian gangster, incompetent amateur robbers, and supposedly Jewish jewellers fight to track down a priceless stolen diamond.",2000,0,7.8,2026-08-24
359246,Hell House LLC,/xUSCQEbbAy3Lv6r00RfXtdxhRDX.jpg,/u3ZOKKSonIVzNFlDwPd2kPypXy6.jpg,"Horror, Mystery","Five years after an unexplained malfunction causes the death of 15 tour-goers and staff on the opening night of a Halloween haunted house tour, a documentary crew travels back to the scene of the tragedy to find out what really happened.",2015,0,6.5,2026-08-24
16,Dancer in the Dark,/pWzOfTJRZHPNO1VNrMnNFqRcJwg.jpg,/vxvzf0cGtFY2Vpw5ULWumCIW6Ri.jpg,"Drama, Crime","Selma, a Czech immigrant on the verge of blindness, struggles to make ends meet for herself and her son, who has inherited the same genetic disorder and will suffer the same fate without an expensive operation. When life gets too difficult, Selma learns to cope through her love of musicals, dreaming up little numbers to the rhythmic beats of her surroundings.",2000,0,7.8,2026-08-24
553,Dogville,/lraVawavIXh5geMlVjpzCw9TGwR.jpg,/r3xsFBD1VTUusk393bBc7SsDUJe.jpg,"Crime, Drama, Thriller","A woman on the run from the mob is reluctantly accepted in a small Colorado community in exchange for labor, but when a search visits the town, she learns that their support has a price.",2003,0,7.7,2026-08-24
28467,Detective Story,/svtgTWLznh9uc3hmeABlH6ncoDN.jpg,/plcFFMExOfGPMd1DhAdpUhneuA1.jpg,"Horror, Drama, Thriller, Crime, Mystery",A detective and a businessman search for a serial killer who removes people's organs.,2007,0,5.9,2026-08-24
1100099,We Live in Time,/oeDNBgnlGF6rnyX1P1K8Vl2f3lW.jpg,/4t8IXJF4umwCfbdpeKLvlN3zkKp.jpg,"Romance, Drama","An up-and-coming chef and a recent divorcée find their lives forever changed when a chance encounter brings them together, in a decade-spanning, deeply moving romance.",2024,0,7.2,2026-08-24
381283,mother!,/fjny9chXPx69ln1LMJxbwi5yHMt.jpg,/2wS8pMZgvzq7kaZb5LHX54poQnA.jpg,"Horror, Drama","A couple's relationship is tested when uninvited guests arrive at their home, disrupting their tranquil existence.",2017,0,7.0,2026-08-24
1016084,BlackBerry,/nQSvHZDuMlrZdm7ooMo8gb4CXhW.jpg,/77znTO6EadTuJv5B6tpKqG1qo98.jpg,"Comedy, Drama, History",Two mismatched entrepreneurs – egghead innovator Mike Lazaridis and cut-throat businessman Jim Balsillie – joined forces in an endeavour that was to become a worldwide hit in little more than a decade. The story of the meteoric rise and catastrophic demise of the world's first smartphone.,2023,0,7.2,2026-08-24
1033318,Andor,/cXHojTWjLDz3vFn8o46uAR1qjrY.jpg,,Documentary,"Andor Stern is the only Brazilian survivor of the Holocaust. In this documentary, he goes back in his memories to relive the deportation to Auschwitz at age 16, and the daily conquest of a free life.",2022,0,8.5,2026-08-24
152792,Devil's Knot,/8DMDx7XMylIL7lpBEOMzIjuwhw0.jpg,/fyICKtzDeHosw97zoM6Tal7cied.jpg,"Crime, Drama, Thriller",The savage murders of three young children sparks a controversial trial of three teenagers accused of killing the kids as part of a satanic ritual.,2013,0,6.2,2026-08-24
12900,Conspiracy,/xKocKpTHaKcTuNRLu0rLbZWbLnH.jpg,/iESnRGuIiXKeNo3pKMRaZStXyH6.jpg,"History, Drama, War, TV Movie","At the Wannsee Conference on January 20, 1942, senior Nazi officials meet to determine the manner in which the so-called ""Final Solution to the Jewish Question"" can be best implemented.",2001,0,7.3,2026-08-24
8051,Punch-Drunk Love,/htYp4yqFu4rzBEIa6j9jP8miDm3.jpg,/q8GwhIAttJwqmjDtbLW8JvEMMdw.jpg,"Romance, Drama, Comedy",A socially awkward and volatile small business owner meets the love of his life after being threatened by a gang of scammers.,2002,0,7.1,2026-08-24
1551970,Reptilia,/vkGo5RNYUBnhyFzuoOBJawwmHDU.jpg,/qnEjG7turhykdBvGFdrXMavSzo3.jpg,,"Reptilia is a queer coming of age story about finding yourself in the most unexpected of places. All Jane wants is to fit in, despite her big secret. But when she joins a Meisner class to learn how to act she's about to find out that being a person is...complicated.",,0,0.0,2026-08-24
1538,Collateral,/nV5316WUsVij8sVXLCF1g7TFitg.jpg,/qVzmXKKOTtd3szkiCheCNrfa394.jpg,"Drama, Crime, Thriller",Cab driver Max picks up a man who offers him $600 to drive him around. But the promise of easy money sours when Max realizes his fare is an assassin.,2004,0,7.2,2026-08-24
126314,Final Cut: Ladies and Gentlemen,/tcHQiTS7pQUbwKrmGeW4reZuTxg.jpg,/rTl1x2zvz6EqwlkEo8tZ7l1a8e0.jpg,"Drama, Romance","A film where anything can happen - the hero and the heroine changes their faces, age, look, names, and so on. The only same thing: The love between man and woman... in an archetypical love story cut from 500 classics from all around the world.",2012,0,7.5,2026-08-24
334,Magnolia,/tpfC325Jk6S38VTe5dDWjWtoyxr.jpg,/mFfyE5DPFDqoes4HIcElHc2a15y.jpg,Drama,"On one random day in the San Fernando Valley, a dying father, a young wife, a male caretaker, a famous lost son, a police officer in love, a boy genius, an ex-boy genius, a game show host and an estranged daughter will each become part of a dazzling multiplicity of plots, but one story.",1999,0,7.7,2026-08-24
991,The Man Who Fell to Earth,/gwmPVphE5DMFFGXGMhfEFyxOOYj.jpg,/ew3x9p8A28p3sLE8OaHwUsb1mSQ.jpg,"Science Fiction, Drama, Fantasy","Thomas Jerome Newton is an alien who has come to Earth in search of water to save his home planet. Aided by lawyer Oliver Farnsworth, Thomas uses his knowledge of advanced technology to create profitable inventions. While developing a method to transport water, Thomas meets Mary-Lou, a quiet hotel clerk, and begins to fall in love with her. Just as he is ready to leave Earth, Thomas is intercepted by the U.S. government, and his entire plan is threatened.",1976,0,6.5,2026-08-24
73,American History X,/x2drgoXYZ8484lqyDj7L1CEVR4T.jpg,/6qHI1IYj7QlLSCwHRzkL62X175s.jpg,Drama,"Derek Vineyard is paroled after serving 3 years in prison for killing two African-American men. Through his brother, Danny Vineyard's narration, we learn that before going to prison, Derek was a skinhead and the leader of a violent white supremacist gang that committed acts of racial crime throughout L.A. and his actions greatly influenced Danny. Reformed and fresh out of prison, Derek severs contact with the gang and becomes determined to keep Danny from going down the same violent path as he did.",1998,0,8.3,2026-08-24
76203,12 Years a Slave,/xdANQijuNrJaw1HA61rDccME4Tm.jpg,/4Bb1kMIfrT2tYRZ9M6Jhqy6gkeF.jpg,"Drama, History","In the pre-Civil War United States, Solomon Northup, a free black man from upstate New York, is abducted and sold into slavery. Facing cruelty as well as unexpected kindnesses Solomon struggles not only to stay alive, but to retain his dignity. In the twelfth year of his unforgettable odyssey, Solomon’s chance meeting with a Canadian abolitionist will forever alter his life.",2013,0,7.9,2026-08-24
980158,Enter the Void,,,General,,,0,7.0,2026-08-24
591,The Da Vinci Code,/9ejKfNk0LBhSI9AahH4f9NJNZNM.jpg,/4NsQl44oXVMiuIM9t7ZsVgYzOkv.jpg,"Thriller, Mystery","A murder in Paris’ Louvre Museum and cryptic clues in some of Leonardo da Vinci’s most famous paintings lead to the discovery of a religious mystery. For 2,000 years a secret society closely guards information that — should it come to light — could rock the very foundations of Christianity.",2006,0,6.7,2026-08-24
1384216,The Dog Stars,/5O616X9vmRzQdB68PHzBewPittd.jpg,/quAHqi4zBrB5fIfHvgrqiG4xzAC.jpg,"Science Fiction, Adventure, Thriller","After the world's population has been ravaged by a pandemic, a man lives a lonesome existence in a Colorado airplane hangar with his dog and a dour gunman he has befriended. When a mysterious transmission comes through on the radio while he’s flying his old Cessna, it sparks a hunt for the provenance of the sound.",2026,0,7.3,2026-08-24
1287819,A Samurai in Time,/oQbxGmLOqZrFLxLrfeIU4TGaOiU.jpg,/tTUr3JaMRhA7Jt64lmrskF7xNRO.jpg,Comedy,A samurai who gets hit by lightning wakes up to find himself on a film set in the present day and starts to work as an extra on samurai films.,2024,0,7.2,2026-08-24
1422,The Departed,/nT97ifVT2J1yMQmeq20Qblg61T.jpg,/6WRrGYalXXveItfpnipYdayFkQB.jpg,"Drama, Thriller, Crime","To take down South Boston's Irish Mafia, the police send in one of their own to infiltrate the underworld, not realizing the syndicate has done likewise. While an undercover cop curries favor with the mob kingpin, a career criminal rises through the police ranks. But both sides soon discover there's a mole among them.",2006,0,8.2,2026-08-24
1850,Man on the Moon,/msOZS07xRIFnapwp3fprGbKEAfT.jpg,/c6jFpztvihsXraV51up2nxXfm5t.jpg,"Comedy, Drama, History","The story of the life and career of eccentric avant-garde comedian, Andy Kaufman.",1999,0,7.2,2026-08-24
577,To Die For,/whz4bwvqE1OmQHIyqHdZD8jU9CO.jpg,/7LNkP4ofj5pPgPeyEXC5z3U4y8a.jpg,"Drama, Comedy, Crime","Suzanne Stone wants to be a world-famous news anchor and she is willing to do anything to get what she wants. What she lacks in intelligence, she makes up for in cold determination and diabolical wiles. As she pursues her goal with relentless focus, she is forced to destroy anything and anyone that may stand in her way, regardless of the ultimate cost or means necessary.",1995,0,6.6,2026-08-24
1232546,Until Dawn,/bLY5yN4MKVynZ2HMZWElTOGBgBe.jpg,/3xKJ0nyUTlySmMBCpOcsuSnFPI1.jpg,"Horror, Mystery","One year after her sister Melanie mysteriously disappeared, Clover and her friends head into the remote valley where she vanished in search of answers. Exploring an abandoned visitor center, they find themselves stalked by a masked killer and horrifically murdered one by one...only to wake up and find themselves back at the beginning of the same evening.",2025,0,6.3,2026-08-24
1241436,Warfare,/l39TlELomwysfsr37vrvCV6rmaQ.jpg,/30jbD8Er4aB7FbfUbyZLORMDnJN.jpg,"War, Action","A platoon of Navy SEALs embarks on a dangerous mission in Ramadi, Iraq, with the chaos and brotherhood of war retold through their memories of the event.",2025,0,7.1,2026-08-24
11051,The Last Temptation of Christ,/7L4qwrC1mipZXJfU5oRgQWChLv1.jpg,/rBqdcQeM1h05YjF9rFtPWnNaDO2.jpg,Drama,"Jesus, a humble Judean carpenter beginning to see that he is the son of God, is drawn into revolutionary action against the Roman occupiers by Judas -- despite his protestations that love, not violence, is the path to salvation. The burden of being the savior of mankind torments Jesus throughout his life, leading him to doubt.",1988,0,7.2,2026-08-24
453,A Beautiful Mind,/rEIg5yJdNOt9fmX4P8gU9LeNoTQ.jpg,/hCJFWTPghXCwwSpvPpAoIB8318Q.jpg,"Drama, Romance","From the heights of notoriety to the depths of depravity, John Forbes Nash Jr. experiences it all. As a brilliant but socially awkward mathematician, he made a groundbreaking discovery early in his career and stands on the brink of international acclaim. But as the handsome and arrogant Nash accepts secret work in cryptography, he becomes entangled in a mysterious conspiracy. His life takes a nightmarish turn and he soon finds himself on a painful and harrowing journey of self-discovery.",2001,0,7.9,2026-08-24
10386,The Iron Giant,/ct04FCFLPImNG5thcPLRnVsZlmS.jpg,/gZ78dyRH9hXeH94ASjuvD9Vw4b5.jpg,"Animation, Drama, Family, Science Fiction, Action, Adventure","In the small town of Rockwell, Maine in October 1957, a giant metal machine befriends a nine-year-old boy and ultimately finds its humanity by unselfishly saving people from their own fears and prejudices.",1999,0,8.0,2026-08-24
595,To Kill a Mockingbird,/gZycFUMLx2110dzK3nBNai7gfpM.jpg,/wYRpVySPCC7wA28p54yAaoMT478.jpg,Drama,"Scout Finch, 6, and her older brother Jem live in sleepy Maycomb, Alabama, spending much of their time with their friend Dill and spying on their reclusive and mysterious neighbor, Boo Radley. When Atticus, their widowed father and a respected lawyer, defends a black man named Tom Robinson against fabricated rape charges, the trial and tangent events expose the children to evils of racism and stereotyping.",1962,0,8.0,2026-08-24
872,Singin' in the Rain,/w03EiJVHP8Un77boQeE7hg9DVdU.jpg,/6qOyw4yfzbzTp5YsCX26C28Do0S.jpg,"Comedy, Romance","In 1927 Hollywood, a silent film star falls for a chorus girl just as he and his paranoid screen partner struggle to make the difficult transition to talking pictures.",1952,0,8.1,2026-08-24
